BRAND,Title,Price,Filter,Rating,Reviews
Coway,"Coway Airmega 150 (AP-1019C) Air Purifier For Home, Longest Filter Life 8500Hrs (approx. 1.5-2 yrs), Anti-Virus True Hepa Filter (H13), Kills Allergies, Virus, Germs & PM 0.01 with 99.999% efficiency",14999,Special Green Anti Virus True HEPA,4.4,6075
Honeywell,"Honeywell Air Purifier for Home & Office, 3-in-1 filter - Pre-Filter, H13, Activated Carbon Filter, Removes 99.99% Pollutants, Allergens, Pet Danger, Smoke, Dust & Pollens - Air touch V1",4985,HEPA,4,10330
LEVOIT,"LEVOIT Core Mini Air Purifier For Coverage Area 183 Sq Ft, H13 Truehepa Filter, Remove 99.97% Dust, Smoke, & Pollen, With Fragrance Sponge, (2 Years Warranty), White",5499,HEPA,4.4,85117
Philips,"Philips AC0920 Smart Air Purifier for Home| Real Time AQI Display | Covers upto 300 sqft|Removes 99.97% of Viruses,Allergens,Dust and PM2.5 |HEPA Filter|Filter Life Upto 9000 Hrs | Ideal for Bedrooms",7999,HEPA,4.1,3114
FULMINARE,"FULMINARE Air Purifiers for Bedroom, FULMINARE H13 True HEPA Air Filter, Quiet Air Cleaner With Night Light,Portable Small Air Purifier for Home, Office,Pet(Black)",3798,HEPA,4.4,3361
Philips,"Philips AC1711 - Purifies Rooms Up To 380 Sq ft (36 M¬≤) | Removes 99.97% Of Pollen, Allergies, Dust And Smoke, Hepa Filter, Ultra-Quiet And Low Energy Consumption | CADR 300 m3/h | Ideal For Bedrooms",11938,HEPA,4.1,5416
PHILIPS,"Philips Smart Air Purifier AC1715-Purifies rooms up to 36 m¬≤ -Removes 99.97% of Pollen,Dust, Smoke, Wi-Fi Connectivity, Quiet and Low energy consumption, Ideal for Bedrooms,White",13899,HEPA,4.3,203
CPENSUS,"CPENSUS Air Purifier For Bedroom Coverage 107 Ft¬≤ True H13 With Activated Carbon Filter Aromatherapy Child-Lock Timer Portable For Living Room Home Office Deodorizing Tech., White",3086,HEPA,4.2,58
Qubo,Qubo Smart Air Purifier Q400 for Home by Hero Group | 400 Sqft | 99.99% Allergen Removal | HEPA H13 | 9000 Hrs Filter Life | App & Voice Control | Energy Saving | Ultra-Quiet BLDC Motor (White),8539,HEPA,4.2,397
MI,"Xiaomi 4 Lite Smart Air Purifier for Home, AQI Display, HEPA & Carbon Filter, trap 99.99% Virus Dust & Odor, Large coverage area up to 462 Sq ft, App Control, RoHS & Allergy Care Certified, Alexa & GA",12999,HEPA,4.1,792
MI,"Xiaomi Smart Air Purifier 4, Best Purified Air Delivery Rate 387 m3/hr, True HEPA, traps 99.99% Virus, High coverage: 516 Sq Ft, Fast Purification in 7 Mins, RoHS & Allergy Care Certified, Alexa&GA",17999,HEPA,4.3,4422
Qubo,Qubo Smart Air Purifier Q200 for Home by Hero Group | 200 Sqft | 99.99% Allergen Removal | HEPA H13 | 9000 Hrs Filter Life | App & Voice Control | Energy Saving | Ultra-Quiet BLDC Motor (White),6639,HEPA,4.1,607
Dyson,Dyson Air Purifier TP10 Cool Gen1 | Covers 600 Sq. Ft| Advanced HEPA H13 filtration|Removes 99.95% of allergens & pollutants as small as PM 0.1|Remote Control| 2 Year Warranty,33899,HEPA H13 Filter + Activated Carbon Filter,4.3,132
SHARP,"Sharp Air Purifier for Home & Office with Plasmacluster (Removes Bacteria, Virus, Mold, VOCs I JAPAN TECHNOLOGY I Traps 99.97% Pollutants I HEPA, Carbon & Pre Filter I 250 sq.ft. I FP-JA30M-B | White",6989,"HEPA, Carbon and Pre-Filter",4.4,45
nexlev,NexLev Smart Air Purifier | Home & Office Use upto 200 sq ft | True HEPA 13 Filter | Eliminate 99.99% Virus Dust Smoke Odor Pollen Allergens & Pollutants | Long Filter Life | 3 Year Warranty | AP220,3399,True HEPA 13,4,12
Godrej aer,Godrej aer Matic Kit (Machine + 1 Refill) - Automatic Room Fresheners with Flexi Control Spray | Violet Valley Bloom | 2200 Sprays Guaranteed | Lasts up to 60 days (210ml),383,Not specified,4,28040
Qubo,Qubo Smart Air Purifier Q500 for Home by Hero Group | 500 Sqft | 99.99% Allergen Removal | HEPA H13 | 9000 Hrs Filter Life | App & Voice Control | Energy Saving | Ultra-Quiet BLDC Motor (White),9989,HEPA,4.1,607
CUCKOO,CUCKOO Respure Air Purifer For Home | Biggest True HEPA Filter Cleans 570 Sqft in 15min | 8 Yrs Warranty on Motor | | Suitable For Heavy Pollution Allergies & Pet Hair | RedDot Award Winner,10490,True HEPA + Activated Carbon + Washable Pre Filter,4.3,861
AGARO,"AGARO Royal Air Purifier For Home, Bedroom,True HEPA Filter H13, Removes 99.99% Pollutants, Bacteria, Virus & PM 0.1 Particles, 4 Stage Purification, CADR 300 m¬≥/hr",6999,HEPA,4.1,343
SHARP,"Sharp Air Purifier for Homes/Offices Dual Purification, Plasmacluster Technology,(True HEPA+Carbon+Pre-Filter) Captures 99.97% of Impurities FP-F40E-T Brown Comes with 7 Years of Warranty",9949,HEPA,4.2,2049
Winix,"Winix Premium 4 Stage Air Purifier,Kills Virus&Bacteria - Only Guaranteed Tripple Certified Uk Allergy,Ecarf (Cadr 390M3)&Aham (360Sqft) Upto 1065 Sqft,2 Year Warranty,Korean Brand (5300-2),Gray",14999,Activated Carbon,4.6,38982
FULMINARE,"FULMINARE Air Purifiers for Bedroom, H13 True HEPA Air Purifiers, Quiet Small Air Filters, with Timer Sleep Mode Speeds Control Night Light, for Pets, Office, Living Room (White)",3685,HEPA,4.1,360
PURE NEST,"Pure Nest Rainbow A5 Humidifier | Colorful LED Cool Mist Aroma Diffuser | USB Portable Air Purifier for Home, Office & Bedroom | Silent Operation & Auto Shut-Off",399,Not specified,4.7,81
JINKINEY,"JINKINEY Air Purifier for Home & Office, HEPA H13 Filter, 3 Speeds, Removes 99.97% Dust & Particulate Matter, Low Noise, Smart Air Purifier for Home Allergies and Pets Hair Smokers in Bedroom White",2299,HEPA,4,8
Dyson,Dyson Air Purifier Hot+Cool‚Ñ¢ Gen1 HP10 - Black (Latest Launch),45899,HEPA,4.5,410
Godrej aer,"Godrej aer Plug Electric Air Freshener (Machine + 2 Refills (20 Ml each) | Rose Blossom | Lasts up to 120 days,Liquid",236,Not specified,4.1,392
LEVOIT,"LEVOIT 300S Smart Air Purifier For Home, Hepa Filter Traps 99.97% Virus & Pm 0.1 Particles, 2 Years Warranty, Real Time Quality Indicator, App Control, Compatible With Alexa, White",14999,HEPA,4.6,33010
atovio,"atovio Wearable & Portable Air Purifier, Compact & Personal, TESTED AT IIT KANPUR, MADE IN INDIA, No Filter Required, Removes 99.9% Pollutants-PM0.01, PM2.5, PM10, (Cloud White)",2999,Ionizer,4,106
Eureka Forbes,"Eureka Forbes Air Purifier 355 With True Hepa H13 Filter & Surround 360¬∞ Air Technology|Removes 99.97% Dust & Particulate Matter|4-Stage Purification In 10 Mins|Covers 480 Sq. Ft.|Convenient,White",11499,HEPA,4.2,314
K√§rcher,"KARCHER AF20 Air Purifier for Home, Dual H13 HEPA & Activated Carbon Filters, Removes 99.99% Pathogens & Fine Dust, 430 sq. ft Coverage, Air Quality Display, Automatic & Night Modes, German Technology",7749,HEPA,4.4,129
PHILIPS,"Philips Air Purifier - Series 2000 Ac2958/63 With Wifi New Launch 2020 Up To 39M2 (Hepa Filter, White) - 46 Watts",24999,Pre-Filter,4.5,221
VEWIOR,"Vewior A1 World No 1 Effective Air Purifier for Home Cover Area 600 sq.ft, H13 HEPA Filter, 6 Timer Settings, Remove 99.99% Allergen, Filter Life 8500Hrs, Monitor Air Quality with PM2.5 Touch Display",6219,HEPA,4.3,8338
CozyEdge,"CozyEdge Wooden Aroma Diffuser Humidifier, Air Oil Diffuser Air Purifier Portable Grain 130ml Touch Sensitive 6 Color LED Lights Changing",376,Not specified,4.3,2
Coway,"Coway Airmega AIM (AP-0623B) Air Purifier For Home, Cleans Upto 355 Sq.Ft, Longest Filter Life 8500Hrs (Approx. 1.5-2 Yrs), Kills Virus & PM 0.01 With 99.999% Efficiency, 7Yrs Motor Warranty, White",10499,HEPA,4.4,6075
PHILIPS,"Philips Air Purifier AC1711/61 Portable Room Air Purifier (Intelligent Automatic Mode, Black)",11950,"HEPA, Active Carbon, Pre-filter",4.7,6
Reffair,Reffair AX30 [MAX] Air Purifier for Car & Home | 3rd Gen - Type-C Cable | Plasma Ions Function | H13 True HEPA Filter | Aromatherapy Function (Black),2299,HEPA,4,2771
PHILIPS,"PHILIPS 3200 Series Air Purifier, Effective Up To 135 M¬≤, Fresh Air Speed (CADR) 520 M3/H, Remote Control With Air+ App, AC3220/10, Silver",19900,HEPA,4.3,118
PHILIPS,"PHILIPS Smart Air Purifier AC3220/60 Upto 135 m2 Room Size Smart Portable Air Purifier Real Time AQI Display|Covers upto 600 sqft 520 m3/h|(Silver, Arctic White)",18274,HEPA,5,2
AirDeveloppa,"AirDeveloppa True HEPA Air Purifier: High-Efficiency Removal of Dust, Allergens and Bacteria. 320 ft¬≤ Coverage, Compact, User-Friendly Design, 6-Month-Lasting Filter, Ideal for Bedrooms (Purple)",3595,HEPA,4.9,15
Jaf√§nda,"Jaf√§nda JF260S Smart Air Purifiers for Bedroom & Home, HEPA Filter catches 99.97% of Viruses & 0.01 Micron Particles, Real-time PM indicator, 23dB Quiet Sleep Model with ambient light, Alexa Control",10800,HEPA,4.5,133
Blueair,"Blueair air purifier for bedroom living room home, Hepa Filter with Activated Carbon, Pre Filter, Blueair 3410 air purifier Cleans 388 sq ft",12500,HEPA,4.5,2979
Dr Trust,"Dr Trust USA Zurich Portable Room Air Purifier, HEPA Filter UV 4 Stage Filtration & Air Quality Monitoring, Low Noise, 360¬∞ Air Inlet Removes 99.97% Pollutants Dust, Smoke, Bacterial Particles (Black)",5699,HEPA,4.1,27
Dyson,Dyson Air Purifier Big+Quiet |Covers 1100 Sq. Ft| Advanced HEPA H13 filtration|Removes 99.95% of allergens & pollutants as small as PM 0.1| LCD Screen |Smart Control| 2 Year Warranty,68900,HEPA H13 Filter + Activated Carbon Filter,4,21
Jaf√§nda,"Jaf√§nda JF100 Smart Air Purifiers For Bedroom, H13 True HEPA Filter Coverage 450 Sqft,22Db Air Cleaner With Brushless Motor, Night Light, Effectively Remove Smoke, Dust, Pollen,1 Year Warranty(Black)",5100,HEPA,4.4,62
VEWIOR,"Vewior Premium Air Purifiers for Home/Office Covers 1400ft¬≤, VEWIOR H13 True HEPA Air Purifier for Bedroom with Night Light, 9600 Hrs Filter Life, Remove 99.99% Allergen, Monitor Air Quality-White",9399,HEPA,4.4,1751
Dyson,Dyson Air Purifier Hot+Cool‚Ñ¢ Gen1 HP10 - White/Silver (Latest Launch),45899,HEPA,4.8,8
XenonLab,"Air Purifiers for Home Large Room Up to 2600 Ft¬≤, HEPA Air Purifier with Washable Filter & Air Quality Display, Powerful Turbo Mode Air Cleaner for Pet Hair Odors Smoke Dust",27080,HEPA,4.6,51
LEVOIT,"LEVOIT Air Purifier For Home Bedroom,Available For California,Dual H13 Hepa Filter Remove 99.97% Dust Mold Pollen Pet Dander,Desktop Air Cleaner For Smoke,Odor With Aromatherapy,100% Ozone Free,White",11775.87,HEPA,4.5,20525
MI,"Xiaomi Smart Air Purifier 4 Lite Filter, Removes 99.99% Air Pollutants, PM2.5 and pollen filtration, Pet hair filtration, Odour elimination, 3-Layered Filtration (Black)",2999,HEPA,4.3,1254
CUCKOO,CUCKOO Respure Copper Air Purifer For Home | 2 Yrs Filter & 8 Yrs Warranty on Motor | Biggest True HEPA Copper Filter | Coverage Area 570 Sqft | Suitable For Heavy Pollution Allergies & Pet Issues.,12491,True HEPA + Activated Carbon + Washable Pre Filter,4.3,861
Air Wick,"Airwick Freshmatic Air Freshner Spray Complete Kit, Hills of Munnar - 250 ml (Lavender & Lotus)",385,Not specified,4.1,12495
Reffair,"Reffair LivAir Home Air Purifier with Plasma Protect technology, TRUE HEPA Filter with Activated Carbon, Removes 99.97% Pollutants & Allergens, AQI Display, Aromatherapy Function",7999,HEPA,5,14
Honeyuan,"Air Purifiers for Bedroom, Honeyuan H13 HEPA Air Purifier for Home Large Room 600 sqft, Air purifiers with 360¬∞Air Intake, 3 Fan Speeds, 3-Stage Filtration, White",4579,Triple Layer Filtration,4.4,2010
PHILIPS,Philips AC1215 1000 Series Air Purifier (Multicolor),1957,Not specified,4.4,440
Godrej aer,Godrej aer Matic Kit - Automatic Air Freshener spray with Flexi Control | Cool Surf Blue (225ml),549,Not specified,4.1,10436
TAYCORE LIVING,TAYCORE LIVING Lovely Small Air Humidifier Home Bedroom Mini 250ml USB Silent Purifier White Cat,299,250 Milliliters,5,1
Drumstone,"Drumstone„Äö15 years warranty„Äõ3-in-1 Portable Mini Air Conditioner Fan ‚Äì Evaporative Cooler, Humidifier & Air Purifier with 7-Color LED Light ‚Äì Personal Cooling for Bedroom, Office & Home ‚Äì Black",799,Not specified,5,4
Blueair,"Blueair air purifier for bedroom living room home, Hepa Filter with Activated Carbon, Pre Filter, Blueair 3210 air purifier Cleans 183 sq ft",7885,HEPA,4.4,5787
VED,"VED ONLINE MART Wooden Air Humidifier Natural Wood Aroma Diffuser, Cool Mist Humidifier for Home & Bedroom, Air Purifier & Freshener, Multicolor (Color May Change)",388,Not specified,5,2
Dyson,"Dyson Purifier Hot+Cool Air Purifier with heater, HEPA+Activated Carbon Filter, Wi-Fi Enabled, HP07 (White)",66900,Activated Carbon,4.6,125
voltmi,"Voltmi Aura 2.0 Air Purifier for Home | Real-time Air Monitoring | Portable Air Purifier for Car & Room | HEPA Filter | Removes Up To 99.9% of Pet Dander, Smoke, Dust, Colour (Black)",2899,Hepa Filter & Carbon Activated Filter,4.2,7
LEVOIT,"Levoit Air Purifier For Home Allergies&Pets Hair,Smokers In Bedroom,True Hepa Filter,24Db Filtration System Cleaner Odor Eliminators,Remove Smoke Dust Mold Pollen,Arc Formula,Core P350,Grey",24932.71,HEPA,4.6,12264
LEPL,"LEPL Flash LAP1002 Air Purifier for Home, Anti-Bacterial, HEPA H13+ Carbon Filter, removes 99.99% Pollutants, MicroAllergens, UV LED, WIFI, Covers upto 260 sq.ft, with 1 Year Warranty",4995,HEPA H13 and Carbon Filter,4.5,2
PuroAir,"PuroAir 240 HEPA Air Purifiers for Home Large Rooms - Covers Up To 1,000 Sq Ft - Filters Up To 99.9% of Pollutants, Smoke, Pollen, Dust - Quiet HEPA Air Filter - Air Purifiers for Bedroom",28341,HEPA With Activated Carbon,4.6,12640
SHARP,"SHARP Air Purifier for Room FX-J80M-H with Plasmacluster (Removes Bacteria, Virus, Odor, Mold, VOCs) I WiFi I HEPA H14 & Carbon & Pre Filter| I Traps 99.97% Pollutants I 680 Sq. Ft. (680 Wi Fi)",28879,HEPA,4.1,7
ILIFE,"iLife Air Purifier | HEPA Home, Removes Smoke, Mini Allergens, No Filter Needed",1299,Ionizer,5,1
Qubo,Qubo Smart Air Purifier Q600 for Home by Hero Group | 600 Sqft | 99.99% Allergen Removal | HEPA H13 | 15000 Hrs Filter Life | App & Voice Control | Energy Saving | Ultra-Quiet BLDC Motor (White),13989,HEPA,4.2,397
SHARP,"Sharp AIOT Air Purifier FP-S42M-L with Patented PCI Technology, WiFi App Control, Voice Control, HEPA I Removes Bacteria, Virus, Mold, VOCs, 4 Stage Filtration, Coverage to 330 Sq. Ft Light Grey",19490,"HEPA, Pre-Filter",4.1,18
Takositio,Takositio 1pcs (pack of 1) wall plug air purifier with (US PLUG) and true HEPA freshness and mini portable air purifier for Home/Bedroom/Toilet/LivingRoom/Bathroom or a small Closet.(GREEN),349,HEPA,4,1
OxyHola,"OxyHalo Wearable Air Purifier | Portable Hanging Neck Air Purifier | Portable Personal Device | No Filter Needed | Tested | Removes 99.9% Air Pollutants PM2.5, PM0.01, PM10 | Blue",1499,ionizer,4.5,34
TDBYWAE,"Air Purifiers for Home, TDBYWAE Air Purifier for Bedroom Up to 600 ft¬≤, H13 True HEPA Air Purifier for Pets Dust Dander Pollen Odor Smoke, with New Quiet Wind Wheel System, for Desk/Car/Travel(Green)",11470,HEPA,4,17
PHILIPS,"PHILIPS Air Purifier- Series 3000 Ac3059/65 With Wifi New Launch 2020 Up To 48M2, White,58 Watts",31999,Activated Carbon,4.2,100
SHARP,"SHARP dehumidifier with Air Purifier I Plasmacluster Tech fight against Mold, Fungus, VOCs I Absorb Moisture I Clothe Dryer I HEPA+Carbon+Pre-Filter I Area Covers 550 ft¬≤ I Drain 20L/day I DW-J20FM-W",32999,Not specified,4.1,293
VEWIOR,"VEWIOR Official A1 Air Purifier Replacement Filter H13 True HEPA Air Purifier Filter, Compatible with VEWIOR HQSC-50 HQKJ-80 A1 A1W Air Purifier-White",1999,Not specified,4.5,594
PHILIPS,"PHILIPS 3200 Series Smart Air Purifier with Remote Scheduling (App Control with Wi-Fi, Dark Slate)",20500,"HEPA Filter, Active Carbon Filter, Pre Filter",5,1
Troo,"TROO¬Æ Air Purifier Filter Compatible with Xiaomi MI Air Purifiers Model 1, S, 2, 2S, PRO, 3, 3H, 3C. (Grey HEPA Active Carbon Integrated filter with RFID)",1839,Integrated HEPA & Carbon Filter,4.4,40
Blueair,"Blueair air purifier 280i Cleans 279 Sqft in 12.5 minutes Removes 99.99% pollutants upto 0.03 micron Unique HEPA Silent technology AHAM & cARB, Energy Star- White.",25900,HEPA,4.6,6144
VAMASHAY,"Portable Air purifier |Multipurpose Mini Air cleaner for gym, home & car | 12 million ions/cm¬≥, Rechargeable 20 hours battery life-Hanging Compact Lanyard design (White)",2499,Ionizer,4.7,19
Drumstone,"Drumstone (ùüèùüì ùêòùêûùêöùê´ùê¨ ùê∞ùêöùê´ùê´ùêöùêßùê≠ùê≤) 3-in-1 Mini Air Conditioning Fan ‚Äì Portable AC, Humidifier & Purifier with LED ‚Äì Ideal for Office, Bedroom, Dorm ‚Äì Multicolor",1299,Not specified,5,4
TDBYWAE,"TDBYWAE Air Purifier for Home ‚Äì True HEPA Filter for Pets, Smoke & Allergies | 600 Sq Ft Coverage | Ultra-Quiet & Portable for Bedroom/Travel",10141,HEPA,4.4,331
DAYETTE,"DAYETTE Air Purifiers for Home Large Room Up to 3000 Ft¬≤ with 2xH14 HEPA Filters, Air Purifiers for Pets Bedroom with Washable PreFilters, 2 TIMES Purification Speed In Turbo Mode for Dust, Hair, Odor",28974,HEPA,4.7,140
Inno Prods,"Inno Prods Filter Free Portable Air Purifier, Wearable Air Purifier for Neck,CE | ROHS CERTIFIED,Electric Air Freshner, Personal Portable Negative Ionizer|PM2.5, Dust, Smoke for Home,Car(Silver)",2699,Negative Ion,4.6,35
Aucleia,"Air Purifiers for Home Large Room Cover 2,100 Ft¬≤,with Air Quality Monitor & Aromatherapy,Auto H13 Air Purifier Removes Pets Hair Dust Smoke Odor,with 7 Colors Light(blue)",25769,HEPA,4.5,25
NEWDRU,"NEWDRU AirPure Elite Portable Car Air Purifier with Negative Ion Technology | Ozone Purification & Aromatherapy | USB Rechargeable | Compact for Home, Office & Car",2926,Ionizer,4.7,15
SHARP,"SHARP Air Purifier for Room & Office FP-J80M-H with Plasmacluster (Removes Bacteria, Virus, Odor, Mold, VOCs) I HEPA H14 & Carbon & Pre Filter| JAPAN TECHNOLOGY I Traps 99.97% Pollutants I 680 Sq. Ft.",27999,HEPA,4,58
GOODAIR,GOODAIR 2.0 Premium Non-electric Car Air Purifier | Forest Green | Tested & Certified to Absorb Toxic Gases | Advanced Impregnated Activated Carbon | 24/7 Air Purification,2279,Activated Carbon,4,2878
LYBAA,"LYBAA Air Purifiers Plug In for Home, Mini Odor Eliminator‰∏®Ozone Negative Ion Dual Function‰∏®Ionizer to Remove Smoke Pet Smell, Portable Deodorizer Freshener Cleaner for House Bedroom Bathroom Kitchen",399,Not specified,5,1
AirZest,"AirZest Anion Portable Air Purifier, Rechargeable, Isolates PM2.5, Purifies Smog, Absorbs Formaldehyde (Black)",2899,Activated Carbon,4.8,9
Forus,"Forus CAP-41 Air Purifier Filter | HEPA H13 & Activated Carbon | Removes 99.99% Allergens, Viruses, PM2.5, Dust, Pollutants, Smoke, Pet Dander | Anti-Bacterial | For Home, Office, Bedroom, living room",3410,HEPA,4.1,13
blueshark enterprise,Blueshark Enterprise Room Air Purifier and Humidifier Revitalizer (Green),1459,1.5 litres,5,4
PGT,"PGT Portable Air Purifier, Wearable Neck Mini Air Purifier, Removes Majority of Pollutants with HEPA Filter, PM2.5 Remover, Purifies Smog, Compact, Easy to Carry",299,Electrostatic,4.9,16
WATTSMART,"Air Purifier for Home - H13 True HEPA Filter for Home Pets Hair, Remove 99.97% Smoke Pollen Dander Dust, Portable Air Cleaner with 22dB Quiet Sleep Mode for Bedroom Small Place, White",26688,13 True HEPA Filter,4.8,58
UGAOO,Ugaoo Lite Air Purifier for Home & Office | 8 Watts | 2-Stage Filtration | Permanent CocoFilter with Water Level Indicator | Removes Bio-pollutants & 99.99% of Dust Pollutants | Lightweight & Portable,4013,Corded Electric,4.5,2
OTEK,"OTEK 352A Air Purifier for Home | HEPA H13 & Activated Carbon Filter | UV-C Light | Ionizer |AQI Display| 280 sq.ft Coverage| Removes 99.9% Dust, Smoke, Viruses, Allergens | Timer | Sleep Mode | Grey",4499.1,HEPA,4.4,2
Alen,"Alen BreatheSmart 75i HEPA Air Purifier with Pure Filter for Large Rooms up to 2600 sq. ft. Perfect for Living Room and Kitchen, Captures Allergens, Dust and Mold, Espresso",190838,HEPA,4.4,42
COCOLOOP,"COCOLOOP Green Tall Succulent Activated Charcoal Air Purifier Bags - Natural Odor Eliminator, Reusable for 2 Years, Eco Friendly Deodorizer for Bedroom/Living/Yoga/Gym/Toilet area |325 gms",1299,Not specified,5,4
Smart Air,"Smart Air Sqair Air Purifier with 360¬∞ air circulation for Home & Office | Removes 99.5% PM 0.1, dust, viruses | Long Filter Life with Extra Thick HEPA filter | Coverage area 430 sq. ft | White",9299,H12 HEPA,4.4,39
finehepa,Finehepa Filter compatible with coway air purifier 150 (HEPA + CARBON SET) green,1713,Hepa & Carbon Filter,4,100
Loytio,"Air Purifier for Bedroom, HEPA Air Purifier with Aromatherapy Function, Air Filter with Sleep Model, 24dB Filter System, Air Purifier for Bedroom, Office, Living Room, Kitchen, White",7516.06,"HEPA, Activated Carbon",4.2,790
Turonic,"Turonic PH950 Air Purifier & Humidifier Combined, Up to 4,200 Square Feet, Large Room Air Cleaner for Home, True Hepa 13 Filter, Pet Hair, Odor",106229.16,HEPA,4.2,251
AnEgoe,"Air Purifier for Home Large Room Up to 2500 Ft¬≤ With Double Air Intake,Washable Pre-Filters, AnEgoe Pet Air Purifiers for Bedroom With Remoto Control,HEPA Air Cleaner for Dust, Pets,White",23400,HEPA,4.7,120
Blueair,"Blueair air purifier for bedroom living room home, Particle with Carbon Filter.. Blueair 7i air purifier Cleans 1400 Sqft in 30 mins",33900,HEPA,5,3
CALANDIS,CALANDIS Portable Air Purifier Home Office Travel Air Cleaner Restroom Bedroom Fresh White,931,Corded Electric,5,1
EPURETO,EPURETO Wooden Aroma Diffuser Humidifier Cool Mist Air Diffuser Purifier humidifier for Bedroom | humidifiers for Room Set of 1,799,Not specified,5,1
Aircillin,"Aircillin Air Purifiers for Home Bedroom Up to 908 Sq Ft, Air Purifiers with HEPA Filter Aromatherapy,Turbo Boost Button, Sleep Mode, White",12409,HEPA,4.3,55
Air Wick,"Airwick Freshmatic Automatic Air Freshener Kit [Machine + 1 Refill] - 250ml | Summer Delights with White flowers,melon, vanilla fragrances| 2600 Sprays Guaranteed | Lasts up to 70 days",599,Not specified,4.2,29153
PABINDA,PABINDA Plastic Portable Room Air Purifier Aroma Diffuser Or Humidifier Revitalizer,1145,0.5 litres,4.5,2
Shunrenful,"Air Purifiers for Bedroom, HEPA Air Purifier with Aromatherapy Function, for Pets, Pollen, Hair Dander, 20dB, Air Cleaner for Office, Living Room/Kitchen",6172,HEPA,4,46
HASTHIP¬Æ,"HASTHIP¬Æ HEPA Filter for Mi Air Purifier, Air Filter for Home Compatible with Mi Air Purifier 1/2 /3 /2S Pro, Air Purifier Activated Carbon Formaldehyde Removal",1779,Not specified,4.5,38
Homvana,"Homvana Air Purifier for Bedroom Home office, H13 True HEPA 6-Stage Filtration Air Cleaner, with Light Adaptive Auto Mode, 22dB Sleep Mode, Washable Filter, Ozone Free, for Pet Allergies Smoke Dust et",12694.14,Not specified,4.5,325
frestar,"Desktop Air Purifier Portable USB Air Purifiers with HEPA Filter for 323sq.ft Office Bedroom Home, Effectively Removes Pollutants, Cigarette Smoke, Dust, Odor, Super Quiet Powered by USB No AdapterÔºàWhite)",3173,HEPA,4,476
CLEANFORCEAIR,"CleanForce Air Purifier for Home, Large Space up to 2550 m¬≤, HEPA Air Purifier H13, Compatible with Alexa for Dust, Allergens, Pollen, Hair Cuticles",85762.54,HEPA,4.2,16
Aroma Room,"Air Purifiers for Bedroom with True H13 HEPA Filters 3-in-1 AromaRoom Pet Air Purifier with RGB Lights, 22dB Quiet Air Purifiers for Baby Home with",8019,HEPA,4.6,559
Smart Air,"Smart Air Blast Mk II Air Purifier for Homes, Offices, Clinics & Hospitals, Coverage up to 1400 sq ft | H13 HEPA removes PM2.5, PM10, virus, allergens | White",49999,"Washable pre filter, H13 HEPA filter",4.7,4
SHARP,"SHARP Air Purifier for Home FP-J52M-W | Wi-Fi Connectivity, HEPA, Carbon & Pre Filters, PM 2.5 Display | Real Time Indicator for Air Quality, Temperature, Humidity, Filter Life and Change Indicator",19490,"Pre-Filter, Activated Carbon Filter, HEPA Filter",4.1,13
Godrej aer,Godrej aer Matic Refill - Automatic Air Freshener with Flexi Control/Petal Crush Pink (225ml),245,Not specified,4.2,7420
Dyson,Dyson Purifier Cool√Ç‚Ñ¢ Gen1 Tp10 (White),35400,HEPA,4.2,310
Godrej aer,Godrej aer Matic Automatic Room Fresheners Refill Pack | Fresh Lush Green | 2200 Sprays Guaranteed | Lasts up to 60 days (210ml),274,Not specified,4.2,7870
AIRROMI,"AIRROMI Air Purifier for Bedroom, Covers up to 765 Sq ft, Ultra Pretty Pet Air Purifier with Scented Sponge, H13 True HEPA 3 Air Purifier",9800.56,HEPA,4.7,99
UVIXEN,"UVIXEN Air Purifiers for Home - Mini Air Purifier with HEPA Air Filter- USB Operated Air Purifier for Bedroom, Car and Living Room",5170,Activated Carbon + HEPA filter,4,39
MAINDAIS,MAINDAIS Dust Proof Water Proof Washable Air Purifier Cover for ‚Äé‚ÄéFJY4033IN Size (L X W X H - 24 X 24 X 52 CM) (MDAPC‚Äé-105-BLACK),398,Not specified,4.8,6
Coway,"Coway Airmega 150C(K) HEPA Air Purifier, Khaki",39997.15,HEPA,4.6,1241
E-WARE,E-ware Electric Air Purifier Humidifier Aroma Diffuser Room Freshner with LED Light (Air Purifier 606E),1809,300 Cubic Feet,4.4,8
DAYETTE,"Dayette HEPA Air Purifiers for Home Large Room Up to 2200ft¬≤, Air Purifiers for Bedroom with Air Quality Sensor, H13 True HEPA Filter Remove 99.97% of Dust, Allergies, Odor, Pets Dander, Smoke, Pollen",25288.46,HEPA,4.6,645
Blosssound,Blosssound Small Portable Air Purifiers for Dorm Room Pet Bedroom Office Home with Hepa 3-in-1 Filter Fragrance Box White Mini Air Purifier Quiet Sleep for Desk Allergies Smoke Pet Dander Hair Dust,5597,HEPA,5,1
Cobectal,"Air Purifier for Home, Bedroom, Cobectal Room Air Cleaner with H13 True HEPA Filter 3-in-1, Aroma Function and Sleep Mode, Desktop Small Air Purifier for",7813,HEPA,4.4,46
CLARSTON,"Clarston Air Purifiers for Home Bedroom Up to 650 Ft¬≤, H13 True HEPA Air Filter for Pets Dust Odor Pollutants, 4 Fan Speeds, Auto Mode, PM2.5 Monitor, Smart WiFi Control",9941.08,HEPA,4.4,196
GoveeLife,"GoveeLife - Smart Air Purifiers for Bedroom, HEPA Portable Filter with Alexa WiFi Control for Pets Pollen Hair Smells, 24dB Quiet Air Purifier with 3",17673,HEPA,4.7,167
Trucozie,"Trucozie Air Purifier for Home Large Room Bedroom Up to 1937 Ft¬≤ in 1 Hr With Double-sided Air Inlet, Air Quality and Light Sensors, HEPA Sleep Mode for Allergies, Dust, Pollen, Pet Hair, Black",20852,HEPA,4.6,149
Sterlomaxx,"Sterlomaxx Ionex Air Purifier - for your bedrooms & office cabins that prevents allergies infections. Tested airborne infections including fungus. Zero running cost, No filters to replace, White",3999,Not specified,5,1
IBELL,"iBELL Humidifier for room with Remote, Digital display, 4.5L, Ultrasonic, Adjustable Mist Output, Super Quiet 360¬∞ Nozzle, Lasts Up To 24 Hrs, Essential Oil Diffuser, HU450RB (White)",2292,4.5 litres,4.3,535
SHARP,"SHARP Air Purifier for Home FP-J60M-W with Plasmacluster (Removes Bacteria, Virus, Mold, VOCs) I HEPA, Carbon & Pre Filter I JAPAN TECHNOLOGY I Traps 99.97% Pollutants I Digital Display I 550 sq. ft.",6989,Pre-Filter,4,145
Jerdazen,"Jerdazen Air Purifiers for Home Large Room, Covers Up to 2216 ft¬≤, True HEPA 13 Filter Remove 99.97% is Suitable for Yoga Classroom, Living Room, Bedroom, Meeting room(Blue)",48903,HEPA,4.4,90
Greenkin,Greenkin Bedroom Plants Combo for Better Sleep|Indoor Plants for Bedroom|Air-purifier Set|Oxygen Plants,999,Not specified,4.5,45
Aroma Room,"Air Purifier for Home, Bedroom, AromaRoom H13 HEPA Air Filter for Smoking, Pollen, Odor Dander, 3 in 1 Filter with Sleep Mode, Quiet Air Cleaner for Pets, Home",8192,HEPA,4.7,49
acerpure,Acerpure Cool AC553-50W | 2-in-1 Air Purifier and Circulator | with 4 in 1 Hepa Filter (White),16990,HEPA,5,1
K√§rcher,KARCHER Air Purifier AF 30 for Home | 645 sq.ft Coverage | Air Quality Display | H13 HEPA and activated Carbon Filtres | Removes 99.99% Pathogens | Fine Dust | German Tech,11169,Activated Carbon,4.2,42
Meditouch - The Healing touch,"VedOxy Ayurvedic Air Purifier | Car Freshener for Home & Bag | Charcoal Sneaker Deodorizer | Natural Herbal Solution | Holistic & Eco-Friendly Purification (Green, 100 g)",299,Not specified,5,3
Oblivion,"Oblivion Humidifier - Cute Bear Shape USB Humidifiers with Multicolor LED Light, Silent Operation, Large Capacity Aroma Diffuser, Portable Cool Mist Air Purifier for Home, Office Car and Bedroom (1Pc)",228,90 Grams,5,1
ASAKUKI,"ASAKUKI 500ml Premium, Essential Oil Diffuser, 5 in 1 Ultrasonic Aromatherapy Fragrant Oil Humidifier Vaporizer, Timer and Auto-Off Safety Switch-Black",1839,Not specified,4.4,38217
CHIVALZ,"CHIVALZ Air Purifiers for Bedroom, Air Purifiers for Home, Bedroom, Quiet Air Cleaner with 24dB Sleep Mode, True HEPA Filter for Pets, White",20667,HEPA,4.5,19
AIUZLK,"Air Purifiers for Home, Large Room Up to 1460 Sq.ft, CADR 260m¬≥/h, Upgraded 2024 True Hepa H13 Filter/Low Noise Air Cleaner for Office, Bedrooms,",18377,HEPA,4.3,120
MOTIM,"MOTIM Air Filter Cleaner, Air Purifiers for Bedroom, with HEPA Filter Portable Small Air Purifier, Remove Allergies Smoke Dust Pollen Pet Dander, Night Light(White)",5694.34,HEPA,5,1
ORILEY,"Oriley 2113 Ultrasonic Cool Mist Humidifier, Manual Air Purifier for Home, Office, Baby Bedroom, Adults, and Kids, Humidifier for Room Moisture, 5.5L, 22W, 1 Year Warranty (Black)",2509,5.5 litres,4.1,83
H14,H14 Geniune Air Purifier Filter HEPA With Activated Carbon Filter Compatible For V.oltas VAP26TWV Air Purifier,1995,HEPA & CARBON,4.8,6
Xolute,XOLUTE Portable Neck Air Purifier| With CERTIFICATION| FILTERLESS| FEATHER-LIGHT For All-Day Comfort| Removes 99.99% Pollutants And Captures Ultra-Fine Particles| Stylish And Easy,2899,Electrostatic,4.8,9
Generic,Live Peace Lily Or Spathiphyllum Plant Indoor Outdoor Plant Air Purifier Oxygen Supplier Good Luck for Living Room/Bedroom/House/Office (peace lilly) without pot,186.12,Not specified,4.4,2
DeLonghi,De‚ÄôLonghi AC230 Air Purifier (Silver/Black),37050,Activated Carbon,4,82
MERONTE,"MORENTO Air Purifiers for Bedroom, HEPA Filter for Smoke, Pet Dander with Fragrance Sponge, Small Air Purifier with Sleep Mode, HY1800, White, 1 Pack+3 Modes",9912.28,"Pre-Filter, Activated Carbon, HEPA",4.2,405
VOOPNU,"Air Purifiers for Office with H13 True HEPA Filter Up to 1076 Ft¬≤ for Pet Family, Pollen, Smoke, Compact Air Cleaner with 3 Speeds, Timer, Aroma Quiet, 360¬∞Intake, for Home Bedroom, Black",10397,HEPA,4.7,52
Tailulu,"Air Purifiers for Bedroom Home Pets 1200 Ft¬≤, Tailulu H13 True HEPA Air Filter Portable Air Purifier with 12dB Sleep Mode, Speed Control, Timer, Quiet Air Cleaner For Odor Dust Smoke Pollen AP050",11591,HEPA,4.4,685
AIRNERGY,"Air Purifiers for Home,True HEPA Air Purifier for Pets Up to 615 Ft¬≤,15dB Quiet,for Smoke Pollen Odors,Small Air Purifier for Bedroom,Portable Desk Purifyer for Office, Filter for Dorm Travel (White)",9058,HEPA,5,2
zuosen,"MITSUBISHI HEAVY Air Purifier Model Sp-Me32A(W)-I, White",20000,Activated Carbon,5,1
Aircillin,"Air Purifiers for Bedroom, Aircillin Air Purifiers for Home, Quiet Air Cleaner with 24dB Sleep Mode, H13 HEPA Filter for Pollen, Smoke, Pet Dander, Dust,",22409,HEPA,4.4,469
FETIONS,"Pet Air Purifier for Home Bedroom FETIONS Air Purifier with Ambient Light, Fragrance Sleep Mode, Compact with H13 HEPA Filter for Dandruff Smoke Pollen Smell, 9",10953,HEPA,4.4,47
LEPL,"LEPL LAP1001 Air Purifier for Home,Anti-Bacterial,Pre-filter+HEPA H13+3in1 Carbon Filter,removes 99.99% Pollutants,MicroAllergens,5 Stage Filtration,UV LED, WIFI,Covers upto 323sq.ft, 1 Year Warranty",5999,Pre Filter + HEPA H13+ 3in1 Carbon Filter,4,1
DBFIT,"Air Purifiers for Home Large Room Up to 1500ft¬≤with Aromatherapy, DBFIT HEPA Air Purifier Air Cleaner for Allergies Smoke Pollen Dust Pet Hair Dander, Portable Air Purifier with Timer (White)",17064,HEPA,4.6,145
Tailulu,"Air Purifiers for Pets in Home, Large Room Up to 1360 Sq.Ft, Tailulu D10 HEPA Air Purifiers for Bedroom with 15dB Sleep Mode, Air Filter for",13482,HEPA,4.4,212
AEOCKY,"With YearChange 5-in-1 Washable Filter, AEOCKY Air Purifier for Home Bedroom Dorm, Portable Air Cleaner, Quiet as Pink Noise, Aroma Box, for Pollen Smoke Dust Pet Dander Odor Office Desktop",9444,HEPA,4.3,970
VNIUP,"Air Purifiers for Bedroom and Home Up to 500 Sq.Ft, VNIUP H14 True HEPA Air Filter for Bedroom with Fragrance Function, Air Quality Sensor, Sleep Mode, Cleaner",12225,HEPA,4.3,28
AIUZLK,"Air Purifiers for Home, Large Room Up to 1460 Sq.ft, CADR 260m¬≥/h, 2024 Upgraded H13 True Hepa Filter/Low Noise Air Cleaner for Office, Bedrooms,",18517,HEPA,4.6,220
Loytio,"Air Purifier for Bedroom, HEPA Coverage up to 300 Sq.ft., Sleep Model, Night Lighting, 3 Timers, Aromatherapy for Bedroom",14529,HEPA,4.6,28
Afloia,"Air Purifier with Humidifier Combined, 2-in-1 Afloia HEPA H13 3-Stage Filters for Bedroom, Pets, Hair Smoker Smells, Evaporative Humidifier, Auto Shut-Off, Cleaner",36926,Pre-Filter,4.3,254
AIRTOK,"AIRTOK 2 Pack Air Purifiers for Home Bedroom with True H13 Hepa Filter for Smoke, Smokers, Dust, Odors, Pollen, Pet Dandruff | Silent Removal from 99.9% to 0.9% 1M US",18877,Not specified,4.5,3713
ECO BREATHE,"ECO BREATHE Premium Activated Carbon Air Purifier Bag, Natural Odour Absorber for Car, Bedroom, Bathroom",750,Not specified,4.6,1
Drumstone,"Drumstone (ùüèùüé ùêòùêûùêöùê´ùê¨ ùêñùêöùê´ùê´ùêöùêßùê≠ùê≤) Compact 3-in-1 Portable Air Cooler & Purifier ‚Äì Personal Mini Air Conditioner, Humidifier & Fan for Home, Office, and Bedroom Energy Efficient- BLUE",1299,Not specified,4.2,4
FETIONS,"FETIONS - Air Purifier for Home, Mini Air Cleaner with Aromatherapy Function, Filtration System for Office, Living Room, Bedroom, Kitchen, Compact with H13 HEPA Filter for",10637,HEPA,4.2,200
zuosen,"MITSUBISHI HEAVY Air Purifier Model Sp-Me32A(W)-I, White",21990,Activated Carbon,5,1
AIRROMI,"AIRROMI Air Purifier for Bedroom with HEPA 3-in-1 Filter, Pet Air Purifier for Home Cat Pee Smell, Covers Upto 990 Ft¬≤, Quiet 360¬∞intake Air Cleaner for pet hair,allergies,Dust,Smoke A2001 Green",18667.95,HEPA 3in1 Filter,4.3,280
AIRTOK,"AIRTOK HEPA Air Purifier for Home Bedroom with Fragrance Sponges | 4-In-1 H13 True HEPA Air Filter for Smoke Dust Pollen Pet Dander Odors,99.97% Removal to 0.1 Microns | Ozone-Free, Night Light,Black",10893,Not specified,4.4,731
Woozoo,"IRIS USA WOOZOO Air Purifier for Home Allergies Dander in Bedrooms, H13 HEPA 3-in-1 Filter Remove Up to 99.97% of Particles Pet Hair Smoke Pollutants Odor, Cover Up to 307 ft¬≤, 23W Energy Star Motor",21462,HEPA,4.4,54
Vhoiu,"Vhoiu Air Purifier 2 Pack for Home Bedroom Up to 690 Sq.Ft, Quiet Air Purifier with Night Light, Whole House Has Fresh Air, H13 True HEPA Filter",18802,HEPA 2 Pack Vhoiu KJ80 HEPA Air Purifier,5,2
Afloia,"Afloia Air Purifier for Home Large Room Bedroom Up to 2000Ft¬≤ with PM2.5 Air Quality Monitor Smart Auto Mode, Washable Pre-Filter for Pet Hair in Bedroom,Dander Pollen Allergy Dust Mold Smoke",32697,4 in 1 Filter,5,3
Allin Exporters,"Allin Exporters Humidifier for Bedroom Ultrasonic Magic Diamond USB Mini Portable Air Purifier with LED Light & Auto Shut Off for Car, Office Baby Cabin and Small Rooms (150 ml, Random Color)",529,150 Milliliters,4.1,18
xCREAS,"xCREAS Air purifier for Large Room Bedroom Up to 1937ft¬≤, HEPA 13 Air Filter for Wildfire Smoke Pets Pollen Odor, Eco/Auto/Sleep Mode with Aromatherapy Function, Brivo 300",29802,HEPA,4.8,14
KOIOS,"Air Purifiers for Home, Large Room, 1200 Sq.Ft, KOIOS H13 True HEPA Air Purifier for Bedroom with 7 Colorful Lights, Aromatherapy, Air Filter Cleaner",12233,HEPA,4.4,105
Afloia,"Air Purifier for Home Bedroom Large Room Up to 2000Ft¬≤,Smart APP&Voice Control with Air Quality Sensor, Washable Pre Filter Cleaner for Pet Pollen Allergy Odor Dust Mold Smoke, Compatible with Alexa",35811,4-Stage Filter,4.2,6
YARIKI,"YARIKI Air Purifiers for Home and Pets Covers Up to 1500 Sq.Ft, H13 Hepa Filter with Washable Pre-Filter, Pet Hair Dander Smoke Air Cleaner, 22dB Sleep",18974,HEPA,4.4,38
SKYCOM,Live Coin Plant Chinese Lucky Money Plant Tree for Office Desk Balcony Terrace Garden Living Room Corner Bedroom Home Decoration Gifting Air Oxygen Purifier Study Table Hanging Pennywort Pilea,147,Not specified,5,1
Beurer,"Beurer LR210 Air Purifier for Home | 3-Layer HEPA Filter System, 3 Fan Settings | for Germ-Free Ambient Air Without Odors & Dust, Air Filter for Allergies & Pets | Air Cleaner with Sleep Mode & Timer",10975,Pre-Filter,4.2,475
Generic,AnjaliPlants foundation Live Peace Lily Or Spathiphyllum Plant Indoor Outdoor Plant Air Purifier Oxygen Supplier Good Luck for Living Room/Bedroom/House/Office room pack of 1.,299,Not specified,4.5,1
Electrolux,"Electrolux Pure A9 Air Purifier for home with HEPA13 filter, Filters up to PM 0.003 (3nm) particles, WiFi, Filter Life up to 9000 Hrs, AQI, Low Sound, 656sq ft. Room Coverage, Dark Grey, PA91-406DG",32990,HEPA 13+ Carbon,5,4
Slevoo,"Air Purifiers for Large Room Up to 1095 sq ft in 1 Hour, CADR 240m¬≥/h+/141CFM, H13 True HEPA Filter Cleaner Effectively Reduce 99.97% Smoke, Dust",14319,Activated Carbon,5,3
Atmoz,Atmoz Air Purifier (White),7800,Activated Carbon,4.7,5
Aucleia,Air Purifiers for Bedroom Home‚Ä¶,10140,HEPA,4.4,205
ADTARK,"ADTARK Air Purifiers for Home and Bedroom, Air Purifier with H14 True Hepa Filter 3 in 1, Standby and Aroma Function, 3 Light Modes, Ambient Air Purifier with 3 Pa Timers",14548,HEPA,4.1,8
SR CREATION,"SR CREATION Car Air Purifier with HEPA Filter, Remove 99.9% of Dust, Smoke, Odors, and Harmful Particles, Ideal for Car Office Bedroom, Fresh Plant Fragrance, Type-C Cable (White)",3299,Fregrance,4.7,10
Mini Storify Truly Organic,"Mini Storify Non-Electric 100% Activated Charcoal Air Purifier, Deodorizer and Dehumidifier for Home, Car, Shoe Rack, Wardrobe, Fridge, Gym, Hotel Bag,Bathroom and Toilet- (75G,100G)",628,Not specified,4.6,1
HomBreez,"HomBreez Air Purifier and Humidifier Combo for Bedroom, Covers Up to 200ft¬≤, H13 True HEPA Filter, 500ML Water Tank, Quiet Cool Mist Top Fill Essential Oil Diffuser for Baby, Pet Room, APP Control",12835,500 Milliliters,4.2,47
Aromahpure,"Aromahpure Gel Wink Hanging Car Perfume - Berry, Lemon, Sandalwood | pack of 3 | Long-Lasting Gel Based Car Air Freshener | Car Accessories | Last Up to 30 Days",219,Not specified,4.1,390
AIRROMI,"AIRROMI Air Purifiers for Bedroom, Up to 765 Square Feet, with Activated Carbon Filter, Aromatherapy, RGB Night Light, 360¬∞ Input Silent Air Purifier",12919.4,Activated Carbon,4.6,85
ORILEY,"Oriley 2113 Ultrasonic Cool Mist Humidifier, Air Purifier for Home, Office, Baby Bedroom, Adults, Humidifier for Room Moisture, 5.5L, 22W, 1 Year Warranty (Transparent White)",2509,5.5 litres,4.1,83
Purivortex,"Compact Desktop Air Purifier - True HEPA Filter, Whisper-Quiet Operation, Energy-Efficient - Captures 99.97% of A11ergens, Dust, and Odors - Ideal for Home, Office, and Bedroom - Model: AC300",12529.33,HEPA,4.6,220
MOSO NATURAL,"MOSO NATURAL Air Purifying Bag 500G Natural Color Naturally Removes Odors,Allergens&Harmful Pollutants Suitable For Kitchens,Bedrooms,Living Areas, Long Lasting Charcoal Bag | Lasts up to 2 years!",1699,Not specified,4,17
IRIS,"IRIS Home Fragrance,60Ml Lemon Grass Reed Diffuser Set |Free 6 Reeds Sticks of 7.5""|Stress Relief & Aromatherapy |Long-Lasting,Smoke-Free Air Freshener for Home,Bedroom and Office | Ideal for Gifting",539,Not specified,4,1482
Airthereal,"Airthereal ADH70 HEPA Filter Air Purifier for Desktop, Bedroom and Car with Sleep Mode, Removes Allergies, Dust, Pollen, Smoke and Odor, Type-C USB power cable, Day Dawning, White",9981.16,HEPA,4.1,63
TDBYWAE,"TDBYWAE Air Purifier 2 Pack for Bedroom Up to 1200 ft¬≤, H13 True HEPA Air Purifier for Pets Dust Dander Pollen Odor Smoke, with New Quiet Wind Wheel System, for Desk/Car/Travel",22013,Not specified,4.1,34
JEYLLYN,"JEYLLYN Portable Personal Air Purifier Necklace, Home Mini Air Purifier, Wearable Travel Size Air Purifiers with USB Rechargeable for Office, Bedroom and Car (Black)",8863,Electrostatic,4,7
AVIOTHIC,"AVIOTHIC Wearable Air Purifier | Portable Hanging Neck Air Purifier | Portable Personal Device | No Filter Needed | Removes 99.9% Air Pollutants PM2.5, PM0.01, PM10 (Black)",2299,Electrostatic,5,12
VENDFO,"VENDFO Halloween Air Purifier for Home, Pumpkin Design, 3 Silent Fan Speed, Timer Settings, White",10008,HEPA,4.4,20
DONDA,"DONDA Cool Leaf Aromatherapy Diffuser Ultrasonic Humidifier Cool Mist Air Purifier for Dryness, Cold & Cough Large Capacity for Room, Baby, Plants, Bedroom (420 ml,Multicolor) (Cool Leaf)",799,420 Milliliters,5,1
Bear,"Bear Humidifier with Aromatherapy Diffuser, 5L Tank for Large Rooms, 28dB Silent, Top-Fill Design, Essential Oil Case, Ultrasonic Mist, 12-Hour Runtime, Automatic Shut-Off, 360¬∞ Nozzle",3053,5 litres,4,924
Slevoo,"Air Purifier with Aromatherapy, HEPA Air Filter Against Mould, Dust and Pet Hair up to 0.3 ¬µm for Bedroom, White",8888,Not specified,4.3,31
Stealth,STEALTH Air Purifiers (Deep Black),13962,HEPA,4,66
Peepal Air Purifiers,Peepal Air Purifiers HEPA 6 Stage Air Purifier with Live Air Quality Display,10490,HEPA,5,2
Drumstone,"Drumstone ùüèùüì ùêòùêûùêöùê´ùê¨ ùêÜùêÆùêöùê´ùêöùêßùê≠ùêûùêû USB Mini Humidifier with LED Light & Cooling Fan, 3-in-1 Can Air Purifier for Car, Office Desk, Bedroom, Travel, Compact & Silent Operation",1739,Not specified,5,1
Origin De humidifiers,Origin Dehumdifier O20 & Semi Airpurifier With Inbuilt Ioniser For Superior Moisture Control,30637,Not specified,4.7,6
GOOD HOME,"Good Home Aroma Perfumed Air Freshener Jasmine Fragrance | For Bathroom, Car & Wardrobe | Lasts Up to 30 days | Pack of 8 (80g)",329,Not specified,4.1,38
TPLMB,"TPLMB Air Purifier 2 Pack for Bedroom, H13 HEPA Filters, Fragrance for Better Sleep, Portable Air Purifier with Night Light Speed Control, for Living Room,",12999,HEPA,4.4,10
YIBBEIC,"YIBBEIC - Negative Air Purifier (4 Pieces), Quiet Air Purifier, Plug-in Air Ionizer, Portable Air Freshener for Bedroom, Study, Toilet, Office, Kitchen,",7608.13,HEPA,4.2,792
HAVAI,HAVAI Premium Cover for Philips AC2887 Air Purifier 100% Waterproof Size (LXBXH) cm : 35 X 24 X 56,699,Not specified,4.6,7
KYARI,"KYARI Sansevieria Futura Superba Snake Indoor Plants for Living Room | Live Plants | Plants with Grey Self Watering Pot for Home | Air purifier plants | Plants for Home Decor, Garden & bedroom",449,Not specified,4.1,47
KYARI,KYARI Money variegated Indoor Plants for Living Room | Live Plants | Plants with Parrot Green Self Watering Pot for Home | Air purifier plants | Plants for Home Decor | Plants for Garden & bedroom,319,Not specified,4.3,10
KYARI,"KYARI Philodendron Broken Heart Indoor Plants for Living Room | Live Plants | Plants with Matte Black Self Watering Pot for Home | Air purifier plants | Plants for Home Decor, Garden & bedroom",359,Not specified,4.8,10
KYARI,KYARI Anthurium Red Indoor Plants for Living Room | Live Plants | Plants with Cream Self Watering Pot for Home | Air purifier plants | Plants for Home Decor | Plants for Garden & bedroom,1009,Not specified,4.5,8
Floweraura,"FlowerAura Decorative Air Purifying Good Luck Money Live Indoor Plant In Self Watering Plastic Pot Vase For Living Room, Table Decor, Balcony, Bedroom, Office/Home Decoration (Same Day Delivery)",499,Not specified,4.4,3
KYARI,KYARI Aglonema Lipstick Indoor Plants for Living Room | Live Plants | Plants with Dusky Brown Self Watering Pot for Home | Air purifier plants | Plants for Home Decor | Plants for Garden & bedroom,469,Not specified,5,3
KYARI,KYARI Aglaonema Lipstick Indoor Plants for Living Room | Live Plants | Plants with Grey Self Watering Pot for Home | Air purifier plants | Plants for Home Decor | Plants for Garden & bedroom,427,Not specified,4,162
KYARI,KYARI Pepperomia Variegated Indoor Plants for Living Room | Live Plants | Plants with Cream Self Watering Pot for Home | Air purifier plants | Plants for Home Decor | Plants for Garden & bedroom,339,Not specified,4.2,51
Infra,Infra Enterprises (111) Ceramic Aroma Diffuser | Kapoor Dani Night Lamp Multi Functional Essential Oil Camphor Burner for Fragrance with Switch On/Off Button for Heating,208,Not specified,5,2
Floweraura,"FlowerAura Decorative Two Layer Lucky Bamboo Live Indoor Plant With Glass Pot Vase For Living Room, Table Corner, Balcony, Bedroom, Office/Home Decoration (Same Day Delivery)",529,Not specified,5,1
Floweraura,"FlowerAura Air Purify Live Jade Plant In Multicolor Terracotta (Mitti) Pot For Living Room, Balcony, Bedroom, Home/Office Decor, Birthday Gift, Anniversary Gift, Diwali Gift (Same Day Delivery)",599,Not specified,4,1
Floweraura,"FlowerAura Decorative Syngonium Air Purifying Foliage Live Indoor Plant With Plastic Jute Wrapped Pot Vase For Living Room, Bedroom, Table Corner, Balcony, Office/Home Decoration (Same Day Delivery)",429,Not specified,4,1
KYARI,KYARI Philodendron Brasil Indoor Plants for Living Room | Live Plants | Plants with Grey Self Watering Pot for Home | Air purifier plants | Plants for Home Decor | Plants for Garden & bedroom,429,Not specified,5,3
KYARI,KYARI Philodendron Red Indoor Plants for Living Room | Live Plants | Plants with Parrot Green Self Watering Pot for Home | Air purifier plants | Plants for Home Decor | Plants for Garden & bedroom,359,Not specified,4.8,30
Allin Exporters,"Allin Exporters 100ml Aromatherapy Diffuser with 7 Color Changing LED Lights 4 in 1 Ultrasonic Humidifier Essential Oil Cool Mist Aroma Timer for Home Baby Bedroom Office (1Pc, Multicolour)",1349,Not specified,4.3,2244
DUNGRANI ENTERPRISE,"Humidifier, Large 300ML Capacity, Waterless Auto-Off and Timer, With Flame and Volcano Atomization Modes, Volcano Aromatherapy diffuser for Bedroom, Office or Yoga (Ultrasonic Volcano)",2043,300 Milliliters,5,2
MOSO NATURAL,"MOSO NATURAL Air Purifying Bag 500G Natural Color Naturally Removes Odors,Allergens&Harmful Pollutants Suitable For Kitchens,Bedrooms,Living Areas, Long Lasting Charcoal Bags | Lasts up to 2 years!",1699,Not specified,4.2,5
KR STORE,KR STORE‚Ñ¢ Water-Based Air Purifier & Humidifier with Aroma Diffuser ‚Äì 3-in-1 Room Freshener for Home & Office-606A-white,1799,Activated Carbon,5,1
HAVAI,HAVAI Premium Cover for Philips Air Purifier AC1217 100% Waterproof Size (LXBXH) cm : 35 X 24 X 56,699,Not specified,4.8,5
AMERICAN MICRONIC,Replacement Filter Set for American Micronic Air Purifier AMI-AP1-22WDx,780,Not specified,4.2,118
Afloia,Afloia Toxin Romover Filter for KILO/KILOPRO/KILOPLUS/MIRO/MIROPRO Air Purifiers,7295,High-Efficient Filter,4.5,6519
EBTminibot,"4-in-1 Portable Air Purifier HEPA Filter, Aroma, Ionizer & Mini Fan ‚Äì USB-C Desktop Air Cleaner for Smoke, Pollen, Dander, Odors ‚Äì 5 Colors for Bedroom, Office, Baby, Pets, Travel (Classic White)",17436,HEPA,5,5
MERONTE,"MERONTE Air Purifiers for Home, Air Purifier for Smoke Odors with Fragrance Sponge, Small Air Purifier with Sleep Mode for Bedroom Office, Blue Ambient Light, MR2566, White",11496,HEPA,5,4
Humicure,"Humicure Moisture Absorber Dehumidifier Hanging Bags with 1 Litre Absorption Capacity for Wardrobe, Bathroom, Kitchen and Bedroom; Prevents Mould & Fungus (Pack of 12, 400gram each, Ocean Breeze)",1698,Not specified,4.3,832
KYARI,KYARI Anthurium Red Indoor Plants for Living Room | Live Plants | Plants with Cream Self Watering Pot for Home | Air purifier plants | Plants for Home Decor | Plants for Garden & bedroom,1009,Not specified,4,8
OMEO,"OMEO Gold Small Train Aromatherapy Humidifier & Essential Oil Diffuser - Dual Mist, Quiet Ultrasonic, 300ML Tank, Remote Control, LED Light, Air Purifier for Home, Office, and Bedroom Use",1899,3E+2 Milliliters,4.2,40
KISUASHI,"KISUASHI Flame Aroma Diffuser/Atmosphere Light Humidifier Portable Noiseless Auto Shut-Off Mist Air USB Humidifier 180ml, Desk Fire Flame Effect for Bedroom, Home, Office, Yoga",679,Not specified,5,1
Peepal Air Purifiers,Peepal Air Purifiers HEPA 6 Stage Air Purifier with Live Air Quality Display,8888,HEPA,5,2
Rosekm,"ROSEKM Air Purifiers for Bedroom Home, Small Portable HEPA Air Filter Cleaner with Essential Oil Diffuser, Sleep Mode & Timer for Home Pets, Room, Car, Office",6190,HEPA,4,120
Rddmen,"Rddmen 3 in 1 Home Air Purifier - H13 Hepa Air Filter, Covers Up to 1095 Square Feet for Bedrooms, Offices and Living Rooms (White)",20199,Not specified,4.1,28
KYARI,KYARI Philodendron Martianum Indoor Plants for Living Room | Live Plants | Plants with Red Self Watering Pot for Home | Air purifier plants | Plants for Home Decor | Plants for Garden & bedroom,359,Not specified,5,2
CLEGO,"CLEGO 2 in 1 Table Lamp and Air Humidifier - Aromatherapy, Candlelight Effect Essential Oil Diffuser for Home, Office, and Car,Room",1499,Not specified,5,6
SANBHAV,"Sanbhav Volcano Flame Humidifier with LED Fire Light | Wooden Essential Oil Diffuser | Ultrasonic Cool Mist Aroma Diffuser for Bedroom, Office, Home | Air Purifier & Night Light",699,300 Milliliters,5,1
Trucozie,"Air Purifier for Home Up to 2000 Ft¬≤ in 1 Hr with Washable Pre-Filter, Air Purifier for Home Pets with PM 2.5 Air Quality Display, HEPA Sleep Mode for Allergies, Dust, Smoke, White",28665,HEPA,4.3,26
KYARI,"KYARI Syngonium Pixie White Indoor Plants for Living Room | Live Plants | Plants with Lemon Yellow Self Watering Pot for Home | Air purifier plants | Plants for Home Decor, Garden & bedroom",319,Not specified,4,25
TRIDEO,"TRIDEO Portable Air Conditioner Fan, Mini Evaporative Air Cooler with 7 Colors LED Light for Home-Office-Artic-Cooler-3In1-Conditioner-Humidifier-Purifier-Mini-Cooler-air-conditioners black_ShA20",799,Not specified,5,2
Mabron,Mabron (Amazing 15 Years Warranty) Cool Bottle Ultrasonic Mini Humidifier Air Purifier Mist Maker LED Night Lamp Portable Room Air Purifier_M127,1529,Not specified,5,1
Chuboor,"Chuboor Air Purifiers for Home Large Rooms up to 1200ft¬≤, H13 True HEPA Air Purifiers for Bedroom Pets with APP Control, Timer, Air Purifier Cleaner for Dust,Smoke,Odor,Dander,Pollen",19068,HEPA,4.5,110
Mabron,Mabron (Amazing 15 Years Warranty) Cool Bottle Ultrasonic Mini Humidifier Air Purifier Mist Maker LED Night Lamp Portable Room Air Purifier_M128,1529,Not specified,5,1
Mabron,Mabron (Amazing 15 Years Warranty) Cool Bottle Ultrasonic Mini Humidifier Air Purifier Mist Maker LED Night Lamp Portable Room Air Purifier_M126,1529,Not specified,5,1
SFNOW,"Air Purifiers for Bedroom, SFNOW H13 True HEPA Air Filter, Quiet Air Cleaner Portable Small Air Purifier for Home, Office, Living Room",8729,HEPA,4.4,142
NDS,"NDS Zebra Haworthia with 2 Food Fertilizer Sticks, Succulent Air Purifier Indoor Live Plant Zebra Cactus| Striking Succulent | For Living Room Bedroom Home and Office Dcor",195,Not specified,4,3
Conair,"Conair Portable Small Air Purifier, Rechargeable Corded/Cordless, HEPA Air Filter, Allergy Relief, Dust, Pollen, Odor Control, Bedroom, Dorm Room, Small Room",8353,HEPA,4.2,178
Hianjoo,"Hianjoo Essential Oil Diffuser 450ml, Electric Aroma Ultrasonic Aromatherapy Fragrant Oil Vaporizer Humidifier, Purifies The Air, Timer and Auto-Off Safety Switch, 7 LED Light Colors (Light Brown)",1149,Not specified,4.2,637
FITNATE,"FITNATE Home Air Purifier with Essential Oil Diffuser, for Large Rooms up to 215 Square Feet and Filters 99.9% Allergens, Pet Dander, Dust, Quiet",12364,HEPA,4.3,56
ZENOVISTA,ZENOVISTA Magic Cool Mist Humidifiers Diffuser Air Humidifier with Various Colorful Led Night Light for Home Office Workshop Cafe Hotel Hall Bedroom Car (Multi Colour),699,2.5E+2 Milliliters,4.5,2
HomBreez,"HomBreez Air Purifier and Humidifier Combo for Bedroom, Covers Up to 200ft¬≤, H13 True HEPA Filter, 500ML Water Tank, Quiet Cool Mist Top Fill Essential Oil Diffuser for Baby, Pet Room, White",12835,500 Milliliters,4.4,37
Armyte,"Plug in Air Purifier with Motion Sensor Light for Home, Odor Eliminator Mini Ozone Air Freshener Ionizer Deodorizer to Remove Smell from Pets Smoke Toilet for House Bathroom Kitchen Bedroom Office",5851.24,Not specified,4.1,175
KYARI,Kyari Sansevieria Laurentii Air Purifier Plant with Black Self Watering Metal Pot without Stand- Large 8 Inch,1479,Not specified,4.3,10
Humicure,"Humicure Moisture Absorber Dehumidifier Hanging Bags with 1 Litre Absorption Capacity for Wardrobe, Bathroom, Kitchen and Bedroom; Prevents Mould & Fungus (Ocean Breeze, Buy 2 Get 1 Free)",666,Not specified,4,1
STARKEN ASSOCIATES,"STARKEN ASSOCIATES presents Smart Air Purifier, Ceramic Plate Air Filter, Ceramic Filter Indoor Air Purifier made in Japan by LTI",3999,60 Grams,5,1
KYARI,"KYARI Money N'joy, Golden Money, MoneyVariegated Combo of 3 Indoor Plants for Living Room | Live | Plants with White Self Watering Pot for Home | Air purifier plants | Plants for Home Decor",979,Not specified,4.2,19
Vee-C,"Vee-C Natural Air Purifier Himalayan Pink Rock Salt Lamp for Vastu Feng Shui Healing, Peace and Harmony (Orange, 3-4 kg)",997,Not specified,4,63
Airspark,"Airspark air purifier for home, bedroom, large room and office",19905,HEPA,4.6,346
VANSU,"VANSU Desktop Air Purifier With 3 Stage Filtration System for Home,Office,Bedroom,Kitchen Portable Air Cleaner with Timer Quiet Setting for Dust,Smoke,Pollen,Pet Dander",9177,HEPA,4.1,79
KYARI,KYARI Combo of 2 - Calathea Triostar and Lucky Bamboo Indoor Plants for Living Room | Live Plants | Plants with White Self Watering Pot for Home | Air purifier plants for Home Decor,1019,Not specified,5,2
SAMARTH CACTUS NURSERY,"Samarth Cactus Gymnocalycium andreae v. matznetteri Flowering Cactus Air Purifier Indoor Natural Rare Live Plant With Pot Striking Succulent For Living Room, Bedroom, Home Garden Balcony Office Decor",380,Not specified,4.5,3
KYARI,"KYARI Jade Plant, Spider Plant, Oyster Plant, Golden Money Combo of 4 Indoor Plants for Living Room | Live Plants | Plants with Cream Self Watering Pot for Home | Air purifier plants for Home Decor",1082,Not specified,4,2
TDBYWAE,"Air Purifiers for Home, TDBYWAE Air Purifiers for Large Room Up to 1076 Ft¬≤, H13 True HEPA Filter with Fragrance Sponge, 25 dB Quiet Air Purifiers for Bedroom Smoke Pet Dander Dust Pollen Odor",7820,HEPA,4.2,48
